handle,level
https://www.youtube.com/@HowtoStartSpanish,easy
https://www.youtube.com/@SpanishwithAlma,easy
https://www.youtube.com/@spanishafterhours,easy
https://www.youtube.com/@spanishcondaniela,easy
https://www.youtube.com/@spanishquechivo,easy
https://www.youtube.com/@Fabulaudit,easy
https://www.youtube.com/@LearnSpanishwithComprehensible,easy
https://www.youtube.com/@OrganicSpanish,easy
https://www.youtube.com/@spanishinputwithchile,easy
https://www.youtube.com/@espanolconali,easy
https://www.youtube.com/@TuescueladeespanolEs,easy
https://www.youtube.com/@BabbelAprendeIdiomas,easy
https://www.youtube.com/@Las_vacas_naranjas,easy
https://www.youtube.com/@dianayromaenespanol,easy
https://www.youtube.com/@PeppaPigEspanolLatinoOficial,easy
https://www.youtube.com/@leothetruckespanol1313,easy
https://youtube.com/@joelzaratespanishcafe,easy
https://www.youtube.com/@spanishboostmartin,easy
https://www.youtube.com/@SpanishBoostGaming,easy
https://www.youtube.com/@spanishboostmila,easy
https://www.youtube.com/@andrealamexicana/videos,easy
https://www.youtube.com/@Unlimitedspanish,easy
https://youtube.com/@SpanishColombiano,easy
https://www.youtube.com/@easyargentinespanish,easy
https://www.youtube.com/@languagebaby,easy
https://www.youtube.com/@WhyNotSpanish,easy
https://www.youtube.com/@UseyourSpanish,easy
https://youtube.com/@TakeitSpanish,easy
https://www.youtube.com/@MexicanSpanishHere,easy
https://www.youtube.com/@TeacherCatalina,easy
https://www.youtube.com/@LenguraSpanish,easy
https://www.youtube.com/@SpanishInput,easy
https://www.youtube.com/@Spanish-with-Diana-Palafox/videos,easy
https://www.youtube.com/@speaklikeamexican1587,easy
https://www.youtube.com/@charlamospodcast,easy
https://www.youtube.com/@SpanishPlayground,easy
https://www.youtube.com/@learnspanishwithjuan2788/featured,easy
https://www.youtube.com/@SpanishLikeaPro,easy
https://youtube.com/@Blancatogo,easy
https://www.youtube.com/@Espanol.X.Extranjeros,easy
https://www.youtube.com/@aprendeespanolcontangerine,easy
https://www.youtube.com/@ListenESSpanish,easy
https://www.youtube.com/@LeeconMarie,easy
https://www.youtube.com/@cuentosasombrososinfantiles,easy
https://www.youtube.com/@GarfieldShowEspanol,easy
https://www.youtube.com/@espanolconjuan,intermediate
https://www.youtube.com/@HowtoSpanishOfficial,intermediate
https://www.youtube.com/@hoyhablamos,intermediate
https://youtube.com/@EasySpanish,intermediate
https://www.youtube.com/@quepasaespanol,intermediate
https://www.youtube.com/@espanolalamexicana1542,intermediate
https://youtube.com/@juegaconjuarez,intermediate
https://www.youtube.com/@espanolconmichelleb,intermediate
https://www.youtube.com/@espanolconmaria,intermediate
https://www.youtube.com/@HolaSpanish,intermediate
https://youtube.com/@springspanish,intermediate
https://www.youtube.com/@sehablaespanolpodcast,intermediate
https://www.youtube.com/@analamexicana,intermediate
https://www.youtube.com/@thepocketspanishpodcast,intermediate
https://youtube.com/@spanishforfalsebeginners5364,intermediate
https://www.youtube.com/@ErrequeELE,intermediate
https://www.youtube.com/@SpanishwithAworkMan,intermediate
https://www.youtube.com/@SpanishWithAntonio,intermediate
https://www.youtube.com/@argentalk,intermediate
https://www.youtube.com/@holamydailyspanish,intermediate
https://www.youtube.com/@SpanishLanguageCoach,intermediate
https://www.youtube.com/@LatinELE,intermediate
https://www.youtube.com/@Spanishacks,intermediate
https://www.youtube.com/@masquesiesta7477/videos,intermediate
https://www.youtube.com/@InfoPrimates,intermediate
https://www.youtube.com/@slowdominicanspanish5549,intermediate
https://www.youtube.com/@Spanishwithlevi,intermediate
https://www.youtube.com/@StoryLearningSpanish,intermediate
https://www.youtube.com/@espanolsi4341,intermediate
https://www.youtube.com/@EspanolconGuada,intermediate
https://www.youtube.com/@spanishgitana,intermediate
https://www.youtube.com/@Mucho.Spanish,intermediate
https://www.youtube.com/@alegrespanish,intermediate
https://www.youtube.com/@spanish.with.andrea,intermediate
https://www.youtube.com/@EspanolAutomatico,intermediate
https://www.youtube.com/@LightSpeedSpanishChannel,intermediate
https://www.youtube.com/@worldsacross,intermediate
https://www.youtube.com/@dlspanishlessons,intermediate
https://www.youtube.com/@StudySpanishAnywhere,intermediate
https://www.youtube.com/@DiverseSpanishPodcast,intermediate
https://youtube.com/@BenYHollyEspanolLatino,intermediate
https://www.youtube.com/@concdecuentacuentos,intermediate
https://www.youtube.com/@CuentosMagicosparaNinos24,intermediate
https://www.youtube.com/@PebblesStories,intermediate
https://www.youtube.com/@SpanishFairyTales,intermediate
https://www.youtube.com/@mundozamba/featured,intermediate
https://www.youtube.com/@Peekaboo_Kidz,intermediate
https://www.youtube.com/@SmileandLearnEspa%C3%B1ol/videos,intermediate
https://www.youtube.com/@HappyLearningES,intermediate
https://www.youtube.com/@eraseunavezchannel,intermediate
https://www.youtube.com/@GENIALBrightSideSpanish,intermediate
https://www.youtube.com/@Naisekai/videos,intermediate
https://www.youtube.com/@ReflexionesDiarias,intermediate
https://www.youtube.com/@Lyke.Espanol,intermediate
https://www.youtube.com/@cortvoax,intermediate
https://www.youtube.com/@MiraLaHistoria,intermediate
https://www.youtube.com/@raqueldelamorenaoficial,intermediate
https://www.youtube.com/@antigua_Roma,intermediate
https://www.youtube.com/@jodisea/featured,intermediate
https://youtube.com/@academiaplay,intermediate
https://www.youtube.com/@curiosamente,intermediate
https://www.youtube.com/@Masomenosvideos,intermediate
https://www.youtube.com/@TeLoExplicoConPaint,intermediate
https://www.youtube.com/@Casicreativo,intermediate
https://www.youtube.com/@TEDEdEspanol,intermediate
https://www.youtube.com/@AteneoMercantilValencia,intermediate
https://www.youtube.com/@JubileeeES,intermediate
https://www.youtube.com/@judithtiral5713,intermediate
https://www.youtube.com/@COTAPAREDES,intermediate
https://www.youtube.com/@ramilladeaventura,intermediate
https://www.youtube.com/@ExploraPlanet,intermediate
https://www.youtube.com/@AlexTienda,intermediate
https://www.youtube.com/@UnMundoInmenso,intermediate
https://www.youtube.com/@GladysSeara,intermediate
https://www.youtube.com/@nuevaaventura,intermediate
https://www.youtube.com/@ArayaVlogs,intermediate
https://www.youtube.com/@paraisosenasia,intermediate
https://www.youtube.com/@FOGONIX/videos,intermediate
https://www.youtube.com/@Jabiertzo,intermediate
https://www.youtube.com/@japanistic,intermediate
https://www.youtube.com/@lethalcrysis,intermediate
https://www.youtube.com/@Clavero,intermediate
https://www.youtube.com/@HiClavero,intermediate
https://www.youtube.com/@portillo,intermediate
https://www.youtube.com/@kike.arnaiz/videos,intermediate
https://www.youtube.com/@GQSpain,intermediate
https://www.youtube.com/@Mohee,intermediate
https://www.youtube.com/@ShannonLeeman.,intermediate
https://www.youtube.com/@JDanielYT,intermediate
https://www.youtube.com/@sabiduriapsicodelica,intermediate
https://www.youtube.com/@LasNotasdelAprendiz/videos,intermediate
https://www.youtube.com/@hablemosconlavida,intermediate
https://www.youtube.com/@ElPinguinoCosmico,intermediate
https://www.youtube.com/@annacampstarot,intermediate
https://www.youtube.com/@DemiRanchoaTuCocina,intermediate
https://www.youtube.com/@JaujaCocinaMexicana,intermediate
https://www.youtube.com/@ElGuzii,intermediate
https://www.youtube.com/@CocinandoCorea,intermediate
https://www.youtube.com/@calixtoserna-mexicocooking5842,intermediate
https://www.youtube.com/@LADOBMELOMANOS,intermediate
https://www.youtube.com/@GeorgefiVe,intermediate
https://www.youtube.com/@Gabomania,intermediate
https://www.youtube.com/@adricarra,intermediate
https://www.youtube.com/@BlueyEspanol,intermediate
https://www.youtube.com/@Mextalki,advanced
https://www.youtube.com/@nohaytospodcast,advanced
https://www.youtube.com/@Martinadquiereunidioma,advanced
https://www.youtube.com/@ventureoutspanish,advanced
https://www.youtube.com/@superholly,advanced
https://www.youtube.com/@clasesconclau,advanced
https://www.youtube.com/@sensationalspain,advanced
https://www.youtube.com/@SmelSerendipia/videos,advanced
https://www.youtube.com/@SpanishWithAntonio,advanced
https://www.youtube.com/@espanolcoloquialytal,advanced
https://www.youtube.com/@thespanishontheroad,advanced
https://youtube.com/@palomasicomprendo,advanced
https://www.youtube.com/@SpanishwithVicente,advanced
https://www.youtube.com/@MrSalas,advanced
https://www.youtube.com/@Wissbegierde,advanced
https://www.youtube.com/@shawasacademy,advanced
https://www.youtube.com/@naturalanguages/videos,advanced
https://www.youtube.com/@idiomasconsandra,advanced
https://www.youtube.com/@31minutos,advanced
https://www.youtube.com/@NationalGeographicEspanol/videos,advanced
https://www.youtube.com/@sofiaroch6548,advanced
https://www.youtube.com/@comoestudiaryaprobarenlaun4590,advanced
https://www.youtube.com/@nasa_es/videos,advanced
https://www.youtube.com/@infoclima,advanced
https://www.youtube.com/@Meganoticiasoficial/videos,advanced
https://www.youtube.com/@VisualPolitik,advanced
https://www.youtube.com/@AdrianaChilito/videos,advanced
https://www.youtube.com/@Enrailados/videos,advanced
https://www.youtube.com/@ahombrosdegigantes9811,advanced
https://www.youtube.com/@kurzgesagt_es,advanced
https://www.youtube.com/@Kosmo_ES,advanced
https://www.youtube.com/@CienciaDeSofa,advanced
https://www.youtube.com/@LaCienciaPop,advanced
https://www.youtube.com/@alex_riveiro/videos,advanced
https://www.youtube.com/@mandarax,advanced
https://www.youtube.com/@HRom/videos,advanced
https://www.youtube.com/@LauraEgiptologia,advanced
https://www.youtube.com/@reyouniverso,advanced
https://www.youtube.com/@ElRobotdePlaton/videos,advanced
https://www.youtube.com/@GenialSerie/videos,advanced
https://www.youtube.com/@cinematixfilms/videos,advanced
https://www.youtube.com/@YsiOficial,advanced
https://www.youtube.com/@KiskeyaLife,advanced
https://www.youtube.com/@MitosyHeroes,advanced
https://www.youtube.com/@DianaUribefm/videos,advanced
https://www.youtube.com/@MemoriasDePez,advanced
https://www.youtube.com/@eldebate_com/videos,advanced
https://www.youtube.com/@somosnomadastv,advanced
https://www.youtube.com/@ElMapadeSebas,advanced
https://www.youtube.com/@ElDollop,advanced
https://www.youtube.com/@ElDiaQue,advanced
https://www.youtube.com/@Curiosa-aventura/videos,advanced
https://www.youtube.com/@ChenteYdrach/videos,advanced
https://www.youtube.com/@witchcalli,advanced
https://www.youtube.com/@edaddeorodeam%C3%A9rica,advanced
https://www.youtube.com/@InsideMei,advanced
https://www.youtube.com/@belen.montilla,advanced
https://www.youtube.com/@Linguriosa,advanced
https://www.youtube.com/@DWDocumental,advanced
https://www.youtube.com/@LaVideotecadeAlejandria/videos,advanced
https://www.youtube.com/@lunamartinezoficial/videos,advanced
https://www.youtube.com/@LeanGiottonini,advanced
https://www.youtube.com/@SorprendenteOficial,advanced
https://www.youtube.com/@Quepasaria,advanced
https://www.youtube.com/@porquesomosasipodcast,advanced
https://www.youtube.com/@Garabatodo/videos,advanced
https://www.youtube.com/@QuieresUnCroquis,advanced
https://www.youtube.com/@beaglesdiary,advanced
https://www.youtube.com/@elmundodeslivki/videos,advanced
https://www.youtube.com/@NatureVistaES/videos,advanced
https://www.youtube.com/@Mariodewonder,advanced
https://www.youtube.com/@GeoIsis,advanced
https://www.youtube.com/@fabricando,advanced
https://www.youtube.com/@NovaFactory-i3t,advanced
https://www.youtube.com/@comosehace00,advanced
https://www.youtube.com/@ProductoX,advanced
https://www.youtube.com/@Factora_esp,advanced
https://www.youtube.com/@charlyokei,advanced
https://www.youtube.com/@PodcastElyElla,advanced
https://www.youtube.com/@biancagraulaupr,advanced
https://www.youtube.com/@jessicafernandezgarcia/videos,advanced
https://www.youtube.com/@CincoPreguntas,advanced
https://www.youtube.com/@EYAMAA,advanced
https://www.youtube.com/@ExtranjerosXelmundO,advanced
https://www.youtube.com/@XoqueKultural/videos,advanced
https://www.youtube.com/@BullishBoostEspanol,advanced
https://www.youtube.com/@albert_bermejo,advanced
https://www.youtube.com/@yusproject,advanced
https://www.youtube.com/@youfacttecnologias/videos,advanced
https://www.youtube.com/@entreinnings,advanced
https://www.youtube.com/@Lamediainglesa,advanced
https://www.youtube.com/@lapizarradelprofe,advanced
https://www.youtube.com/@PrimeroCowboys,advanced
https://www.youtube.com/@luisitocomunica,advanced
https://www.youtube.com/@PlanetaJuan,advanced
https://www.youtube.com/@MexicanosenChina,advanced
https://www.youtube.com/@JordyAventurero,advanced
https://www.youtube.com/@RodandohacialaLibertad,advanced
https://www.youtube.com/@Americando_,advanced
https://www.youtube.com/@DanaLucia,advanced
https://www.youtube.com/@zazzaelitaliano,advanced
https://www.youtube.com/@Clavero,advanced
https://www.youtube.com/@LosViajesdeWalliver,advanced
https://www.youtube.com/@EdwinRosalees,advanced
https://www.youtube.com/@Seba.adventure,advanced
https://www.youtube.com/@elchampp,advanced
https://www.youtube.com/@kevinvlogsb,advanced
https://www.youtube.com/@Isaporahi,advanced
https://www.youtube.com/@GabrielHerrera,advanced
https://www.youtube.com/@oscaralejandr0,advanced
https://www.youtube.com/@RobertaConMaleta,advanced
https://www.youtube.com/@LaBlueKombi/videos,advanced
https://www.youtube.com/@Mundoxdescubrir,advanced
https://www.youtube.com/@Mundukos,advanced
https://www.youtube.com/@Espa%C3%B1aTotal,advanced
https://www.youtube.com/@hilux_aventura,advanced
https://www.youtube.com/@ExplorandoAngel,advanced
https://www.youtube.com/@xfvlogs,advanced
https://www.youtube.com/@brendacatalanmx/videos,advanced
https://www.youtube.com/@costoXdestino,advanced
https://www.youtube.com/@JorgeDeLeonMx,advanced
https://www.youtube.com/@DoenOaxaca/videos,advanced
https://www.youtube.com/@ManuelGranadosOnline,advanced
https://www.youtube.com/@poconeando,advanced
https://www.youtube.com/@Archieted0,advanced
https://www.youtube.com/@vandeados,advanced
https://www.youtube.com/@caravaningk2videos,advanced
https://www.youtube.com/@ExplorandoElPlaneta-dr9ug,advanced
https://www.youtube.com/@andrealamexicana,advanced
https://www.youtube.com/@practicamente,advanced
https://www.youtube.com/@CoreanoInmuebles,advanced
https://www.youtube.com/@LaraLeahYoung,advanced
https://www.youtube.com/@chifumi-pedro/videos,advanced
https://www.youtube.com/@yanyi,advanced
https://www.youtube.com/@LaIncreibleIndia,advanced
https://www.youtube.com/@CaroletteMartin,advanced
https://www.youtube.com/@LauraMareno,advanced
https://www.youtube.com/@lenaferq,advanced
https://www.youtube.com/@elisabethjournal/videos,advanced
https://www.youtube.com/@ValeriaMachuca/videos,advanced
https://www.youtube.com/@thelmaclatza/videos,advanced
https://www.youtube.com/@AlbaSanvez/videos,advanced
https://www.youtube.com/@LauraSamo/videos,advanced
https://www.youtube.com/@StyleandPaper/videos,advanced
https://www.youtube.com/@kelvinsiso/videos,advanced
https://www.youtube.com/@anitagaloni/videos,advanced
https://www.youtube.com/@eldiario_deLu/videos,advanced
https://www.youtube.com/@jazbiancucci/videos,advanced
https://www.youtube.com/@JoseZunigaEspanol/featured,advanced
https://www.youtube.com/@NinaSpain,advanced
https://www.youtube.com/@Natha_c,advanced
https://www.youtube.com/@guille_tello,advanced
https://www.youtube.com/@rosavirginia./videos,advanced
https://www.youtube.com/@julssure,advanced
https://www.youtube.com/@irisherr,advanced
https://www.youtube.com/@Deepvoid/videos,advanced
https://www.youtube.com/@FincaLaMaye/videos,advanced
https://www.youtube.com/@GreenBvbblecrafts,advanced
https://www.youtube.com/@sof_art_notes5312,advanced
https://www.youtube.com/@zahiracury,advanced
https://www.youtube.com/@CleanCasaTV,advanced
https://www.youtube.com/@Meryshome/videos,advanced
https://www.youtube.com/@Minimalistamente,advanced
https://www.youtube.com/@heykarlaslife,advanced
https://www.youtube.com/@interioresID,advanced
https://www.youtube.com/@estamejor/videos,advanced
https://www.youtube.com/@cocinaspeque%C3%B1asymodernas,advanced
https://www.youtube.com/@RosyMcMichael,advanced
https://www.youtube.com/@Claire__Quinn,advanced
https://www.youtube.com/@Lennita24,advanced
https://www.youtube.com/@shoroenrioplatense/videos,advanced
https://www.youtube.com/@caniasykimchi,advanced
https://www.youtube.com/@LaloVillar,advanced
https://www.youtube.com/@CoreanitosPodcast/videos,advanced
https://www.youtube.com/@PaulinoG/videos,advanced
https://www.youtube.com/@DiegoAndariego/videos,advanced
https://www.youtube.com/@DiegoSaulReyna/videos,advanced
https://www.youtube.com/@Nekojitablog,advanced
https://www.youtube.com/@kainihon3007,advanced
https://www.youtube.com/@JaponsinFiltrosPodcast,advanced
https://www.youtube.com/@Japatonic/videos,advanced
https://www.youtube.com/@Japeruana,advanced
https://www.youtube.com/@Miguelimnida,advanced
https://www.youtube.com/@LiryOnni/videos,advanced
https://www.youtube.com/@meenyaseu,advanced
https://www.youtube.com/@honestamente_official,advanced
https://www.youtube.com/@JiniChannel,advanced
https://www.youtube.com/@minamino_kpop,advanced
https://www.youtube.com/@lavikingamexicana,advanced
https://www.youtube.com/@byviruzz/featured,advanced
https://www.youtube.com/@SantiyLaurita,advanced
https://www.youtube.com/@teresabarocom,advanced
https://www.youtube.com/@CesarFernandez,advanced
https://www.youtube.com/@AislinnDerbezOficial,advanced
https://www.youtube.com/@seregalandudas,advanced
https://www.youtube.com/@Sapienciapr%C3%A1ctica,advanced
https://www.youtube.com/@MarioAlonsoPuigOficial,advanced
https://www.youtube.com/@ProfePiola,advanced
https://www.youtube.com/@BelenLion/featured,advanced
https://www.youtube.com/@yaizalillo,advanced
https://www.youtube.com/@myabarberi,advanced
https://www.youtube.com/@saldetucabeza,advanced
https://www.youtube.com/@MarianoTrejo,advanced
https://www.youtube.com/@JessiFranquet,advanced
https://www.youtube.com/@imsaralop,advanced
https://www.youtube.com/@psicoactiva,advanced
https://www.youtube.com/@habitospracticos,advanced
https://www.youtube.com/@tatiuribem,advanced
https://www.youtube.com/@guille_tello/videos,advanced
https://www.youtube.com/@Misaglezlifestyle/videos,advanced
https://www.youtube.com/@SandraGonzalez,advanced
https://www.youtube.com/@danypcastrejon,advanced
https://www.youtube.com/@davidcantone/videos,advanced
https://www.youtube.com/@dollardoradoyt/videos,advanced
https://www.youtube.com/@FullPerception/videos,advanced
https://www.youtube.com/@alexisnayelle/videos,advanced
https://www.youtube.com/@carmenbejarano_yt/videos,advanced
https://www.youtube.com/@Unpocomejor1/videos,advanced
https://www.youtube.com/@Sarayuncaf%C3%A9/videos,advanced
https://www.youtube.com/@SilviaAhora/videos,advanced
https://www.youtube.com/@miguel11mom/videos,advanced
https://www.youtube.com/@realmente,advanced
https://www.youtube.com/@atherion,advanced
https://www.youtube.com/@Freellee,advanced
https://www.youtube.com/@loshombres.si.lloran/featured,advanced
https://www.youtube.com/@vSustantivo,advanced
https://www.youtube.com/@Psicoalimentacion,advanced
https://www.youtube.com/@elrincondeloserrores/videos,advanced
https://www.youtube.com/@AprendemosJuntos,advanced
https://www.youtube.com/@ines_8686/videos,advanced
https://www.youtube.com/@LorenaGoca/videos,advanced
https://www.youtube.com/@Ibsoberanagracia,advanced
https://www.youtube.com/@LaBibliaEn365Dias/videos,advanced
https://www.youtube.com/@mipequenabiblia-historiasb6441,advanced
https://www.youtube.com/@WOF-ES,advanced
https://www.youtube.com/@Paramitaorg,advanced
https://www.youtube.com/@irenealbacete,advanced
https://www.youtube.com/@adictosalafilosofia,advanced
https://www.youtube.com/@Mundo_Singular,advanced
https://www.youtube.com/@P2Go/videos,advanced
https://www.youtube.com/@psicovlog,advanced
https://www.youtube.com/@APRENDAMOSPSICOLOGIA,advanced
https://www.youtube.com/@CreaTuFrecuencia/featured,advanced
https://www.youtube.com/@SienteteJoven,advanced
https://www.youtube.com/@drcarlosjaramillo/videos,advanced
https://www.youtube.com/@OswaldoRestrepoRSC,advanced
https://www.youtube.com/@Stanford_CHE/videos,advanced
https://www.youtube.com/@DrVeller,advanced
https://www.youtube.com/@sento_segarra,advanced
https://www.youtube.com/@alsanagust,advanced
https://www.youtube.com/@BorjaBandera,advanced
https://www.youtube.com/@DoctorMauInforma,advanced
https://www.youtube.com/@Sexperimentando,advanced
https://www.youtube.com/@AnabelOtero,advanced
https://www.youtube.com/@XuanLanYoga,advanced
https://www.youtube.com/@MoveWithNicoleEnEspanol,advanced
https://www.youtube.com/@alex_pastor01,advanced
https://www.youtube.com/@110ski,advanced
https://www.youtube.com/@LocosXelAsadoOficial,advanced
https://www.youtube.com/@flatnwhite,advanced
https://www.youtube.com/@ElVlogDeGio321/videos,advanced
https://www.youtube.com/@Cocinaconcoqui,advanced
https://www.youtube.com/@cocinatodo,advanced
https://www.youtube.com/@JessCarter,advanced
https://www.youtube.com/@PostresSaludables,advanced
https://www.youtube.com/@NatyGlossCocina,advanced
https://www.youtube.com/@DianaZhuy,advanced
https://www.youtube.com/@LaFiestaMagica,advanced
https://www.youtube.com/@michelaperleche,advanced
https://www.youtube.com/@lacocinadepaola7410,advanced
https://www.youtube.com/@MunchiesLab,advanced
https://www.youtube.com/@larusacocina,advanced
https://www.youtube.com/@LaCocinadeSoue,advanced
https://www.youtube.com/@fuegolocosanti,advanced
https://www.youtube.com/@Golosolandiapostres,advanced
https://www.youtube.com/@NenaPostresOfficial,advanced
https://www.youtube.com/@QueVivaLaCocina,advanced
https://www.youtube.com/@avozmechef,advanced
https://www.youtube.com/@CenandoconPablo/videos,advanced
https://www.youtube.com/@diegodoal,advanced
https://www.youtube.com/@LaraIbarra/videos,advanced
https://www.youtube.com/@JDalmau/videos,advanced
https://www.youtube.com/@eliasdosunmu/videos,advanced
https://www.youtube.com/@JoeBurgerchallenge1/videos,advanced
https://www.youtube.com/@nut.stephyleon/video,advanced
https://www.youtube.com/@viomwest/videos,advanced
https://www.youtube.com/@Ingrediente791/videos,advanced
https://www.youtube.com/@cheforopeza/videos,advanced
https://www.youtube.com/@ElGriller1/videos,advanced
https://www.youtube.com/@CocinaJaponesaconYuta/videos,advanced
https://www.youtube.com/@cocinandoconraquel345,advanced
https://www.youtube.com/@VickyRecetas,advanced
https://www.youtube.com/@PelucheTorres,advanced
https://www.youtube.com/@glutendence,advanced
https://www.youtube.com/@GlutenMorgenTv,advanced
https://www.youtube.com/@BuenosYMiticosDias/videos,advanced
https://www.youtube.com/@huertinadetoni/videos,advanced
https://www.youtube.com/@VIDAYHUERTO,advanced
https://www.youtube.com/@CreciendoentreRocas,advanced
https://www.youtube.com/@Elhuertofamiliar,advanced
https://www.youtube.com/@permaculturapodcast2902,advanced
https://www.youtube.com/@ELMUNDODELASHORMIGAS,advanced
https://www.youtube.com/@indahood_hiphop,advanced
https://www.youtube.com/@musicosdesillon,advanced
https://www.youtube.com/@Chuffi31,advanced
https://www.youtube.com/@sebasgmouret,advanced
https://www.youtube.com/@BlogdeLengua,advanced
https://www.youtube.com/@mientrasnoescribo5971,advanced
https://www.youtube.com/@juanjoseramoslibros,advanced
https://www.youtube.com/@bicheandolibros,advanced
https://www.youtube.com/@nataliawagener,advanced
https://www.youtube.com/@raquelbrune_,advanced
https://www.youtube.com/@lalibreriadedan,advanced
https://www.youtube.com/@voyaleer,advanced
https://www.youtube.com/@annatorrano,advanced
https://www.youtube.com/@lauryta_books,advanced
https://www.youtube.com/@booksbycinderer,advanced
https://www.youtube.com/@booktrovertida,advanced
https://www.youtube.com/@ventiscadelibros,advanced
https://www.youtube.com/@liltworldd,advanced
https://www.youtube.com/@vanessarmigliore,advanced
https://www.youtube.com/@rosebennet_/videos,advanced
https://www.youtube.com/@ElClubdelasTormentas,advanced
https://www.youtube.com/@mdelibro,advanced
https://www.youtube.com/@semillasdepapel,advanced
https://www.youtube.com/@MikeyF,advanced
https://www.youtube.com/@booksbypau6598,advanced
https://www.youtube.com/@agusgrimmpitchh,advanced
https://www.youtube.com/@pamefd,advanced
https://www.youtube.com/@victoriaresco,advanced
https://www.youtube.com/@bel.sancho,advanced
https://www.youtube.com/@valentinasbooks,advanced
https://www.youtube.com/@thepennywisecode,advanced
https://www.youtube.com/@ArcadesBooks,advanced
https://www.youtube.com/@cronicasmerodeadora,advanced
https://www.youtube.com/@valmp,advanced
https://www.youtube.com/@ClauReadsBooks,advanced
https://www.youtube.com/@morraquelee,advanced
https://www.youtube.com/@cartasdeunlector,advanced
https://www.youtube.com/@myownlittlebookshelf,advanced
https://www.youtube.com/@kristhianbooks,advanced
https://www.youtube.com/@ellibrerodevalentina14,advanced
https://www.youtube.com/@cavernasoledad,advanced
https://www.youtube.com/@yosoykimpossible,advanced
https://www.youtube.com/@melybee,advanced
https://www.youtube.com/@bibliotequeando,advanced
https://www.youtube.com/@balushortcake,advanced
https://www.youtube.com/@menipipol,advanced
https://www.youtube.com/@ZetaSSJ/videos,advanced
https://www.youtube.com/@PatoHorneado/videos,advanced
https://www.youtube.com/@JotunGard,advanced
https://www.youtube.com/@mar_playssssss/videos,advanced
https://www.youtube.com/@Polispol1,advanced
https://www.youtube.com/@Tonikirivals,advanced
https://www.youtube.com/@WarhammerParaPrietos,advanced
https://www.youtube.com/@partidasporjugar,advanced
https://www.youtube.com/@APJUEGOS,advanced
https://www.youtube.com/@juliusfairfax,advanced
https://www.youtube.com/@ViajerosdelTablero,advanced
https://www.youtube.com/@alvacerod,advanced
https://www.youtube.com/@seriesinfinito,advanced
https://www.youtube.com/@cajadepeliculas,advanced
https://www.youtube.com/@nerdaily,advanced
https://www.youtube.com/@agujerosdeguion,advanced
https://www.youtube.com/@territoriorevival,advanced
https://www.youtube.com/@DMMBlogs94,advanced
https://youtube.com/@annacramlinges,advanced
https://www.youtube.com/@maestroluison,advanced
https://www.youtube.com/@ReyEnigma,advanced
https://www.youtube.com/@ChesscomES/videos,advanced
https://www.youtube.com/@Desdoblandoaldoblaje,advanced
https://www.youtube.com/@COMUNICOM,advanced
https://www.youtube.com/@LouderAcademy,advanced
https://www.youtube.com/@amora-crea,advanced
https://www.youtube.com/@HeyJaime/videos,advanced
https://www.youtube.com/@GemaVadilloLive/videos,advanced
https://www.youtube.com/@JWIBEL/videos,advanced
https://www.youtube.com/@SergioBoggio,advanced
https://www.youtube.com/@silviaconsan,advanced
https://www.youtube.com/@memoflores74,advanced
https://www.youtube.com/@VidaSalvajeSupervivencia/videos,advanced
https://www.youtube.com/@DinosaurVlogs,advanced
https://www.youtube.com/@LesmaVR,advanced
https://www.youtube.com/@paul_lando,advanced
https://www.youtube.com/@ElisbethM,advanced
https://www.youtube.com/@FusgoHistorias,advanced
https://www.youtube.com/@esuncrimen,advanced
https://www.youtube.com/@investigadorescriminales5861,advanced
https://www.youtube.com/@losarchivosdelfbi8471,advanced
https://www.youtube.com/@CrimenEInvestigacion,advanced
https://www.youtube.com/@losnuevosdetectives1453,advanced
https://www.youtube.com/@ExtremadamenteCrueles,advanced
https://www.youtube.com/@ElRinconDeGiorgio,advanced
https://www.youtube.com/@elantipodcast,advanced
https://www.youtube.com/@Relatosdelanoche,advanced
https://www.youtube.com/@100EcuatorianosDicen,advanced
https://www.youtube.com/@cuentoscortos8568,advanced
https://www.youtube.com/@TikTakDraw,advanced
https://www.youtube.com/@tiktakdrawterror,advanced
https://www.youtube.com/@LoveBusterEspanol/videos,advanced
https://www.youtube.com/@LaHistoriadeMiVida_/featured,advanced
https://www.youtube.com/@qvmt,advanced
https://www.youtube.com/@spaineapple,advanced
https://www.youtube.com/@noticias,advanced
https://www.youtube.com/@BBCMundo,advanced
https://www.youtube.com/@CanalRedLatinoamerica,advanced
https://www.youtube.com/@telemadrid,advanced
https://www.youtube.com/@grupoformula-rf,advanced
https://www.youtube.com/@SinEmbargoAlAire/videos,advanced
https://www.youtube.com/@CanalCapitalBogota,advanced
https://www.youtube.com/@elordenmundial,advanced
https://www.youtube.com/@DavidJimenezElDirector/videos,advanced
https://www.youtube.com/@MisterKrax/videos,advanced
https://www.youtube.com/@SoloFonseca,advanced
https://www.youtube.com/@robertovaquero_,advanced
https://www.youtube.com/@diazvillanueva,advanced
https://www.youtube.com/@escribirsinpapel,advanced
https://www.youtube.com/@danielgeohistoria,advanced
https://www.youtube.com/@JMZunzu,advanced
https://www.youtube.com/@HistoriasdelaHistoriaTV,advanced
https://www.youtube.com/@SantiagoArmesilla,advanced
https://www.youtube.com/@Kolimprint/videos,advanced
https://www.youtube.com/@antropococo,advanced
https://www.youtube.com/@MigueldeLys/videos,advanced
https://www.youtube.com/@CoolturaDO,advanced
https://www.youtube.com/@Maquicienta,advanced
https://www.youtube.com/@LosDestacados/videos,advanced
https://www.youtube.com/@estonoesradio2242/videos,advanced
https://www.youtube.com/@Retrocultura/videos,advanced
https://www.youtube.com/@DWComoTeAfecta/videos,advanced
https://www.youtube.com/@pepeychemapodcast/videos,advanced
https://www.youtube.com/@BreakingVlad,advanced
https://www.youtube.com/@jefillysh/featured,advanced
https://www.youtube.com/@MatematicasNuevoLeon/videos,advanced
https://www.youtube.com/@QuantumFracture,advanced
https://www.youtube.com/@andreaespin-orbita3221,advanced
https://www.youtube.com/@Lahiperactina,advanced
https://www.youtube.com/@watif_es,advanced
https://www.youtube.com/@EvaMariaBeristain,advanced
https://www.youtube.com/@LaResistencia_,advanced
https://www.youtube.com/@ElSentidoDeLaBirra,advanced
https://www.youtube.com/@ilustresignorantes,advanced
https://www.youtube.com/@judithtiral5713,advanced
https://www.youtube.com/@Loquetudigas,advanced
https://www.youtube.com/@SomosGrandesmx/videos,advanced
https://www.youtube.com/@aladetres_,advanced
https://www.youtube.com/@winsportstv/videos,advanced
https://www.youtube.com/@ElNegociodelFutbol,advanced
https://www.youtube.com/@leocarranza99,advanced
https://www.youtube.com/@Juanposite/videos,advanced
https://www.youtube.com/@clank_media,advanced
https://www.youtube.com/@DavidGCasas,advanced
https://www.youtube.com/@Boxeooriginal,advanced
https://www.youtube.com/@contra_lareja/videos,advanced
https://www.youtube.com/@losviajesdenicovilla,advanced
https://www.youtube.com/@MateoLisanna,advanced
https://www.youtube.com/@AzulMistico,advanced
https://www.youtube.com/@christvec/videos,advanced
https://www.youtube.com/@Fransito/videos,advanced
https://www.youtube.com/@CaminanteRojo,advanced
https://www.youtube.com/@gioygiu/videos,advanced
https://www.youtube.com/@ZoritoyDoug,advanced
https://www.youtube.com/@SoyTribu,advanced
https://www.youtube.com/@mariannydey,advanced
https://www.youtube.com/@santuariolibertad,advanced
https://www.youtube.com/@natimon,advanced
https://www.youtube.com/@lidiahidal/videos,advanced
https://www.youtube.com/@ArashiinJapan/videos,advanced
https://www.youtube.com/@JapanJordi,advanced
https://www.youtube.com/@CorduraArtificial/videos,advanced
https://www.youtube.com/@elxokasTV,advanced
https://www.youtube.com/@YiseniPerez,advanced
https://www.youtube.com/@albaprubias,advanced
https://www.youtube.com/@BertaPim,advanced
https://www.youtube.com/@SaraBaceiredo/videos,advanced
https://www.youtube.com/@alomabye,advanced
https://www.youtube.com/@MeanwhileTV,advanced
https://www.youtube.com/@paulapcvo,advanced
https://www.youtube.com/@irenenortes,advanced
https://www.youtube.com/@Marruyt,advanced
https://www.youtube.com/@beyondwords,advanced
https://www.youtube.com/@PetiteJuliete,advanced
https://www.youtube.com/@CynthiaNovillo/videos,advanced
https://www.youtube.com/@simplycande/videos,advanced
https://www.youtube.com/@marianvsoler/videos,advanced
https://www.youtube.com/@mariabottle/videos,advanced
https://www.youtube.com/@ArantzaGoett,advanced
https://www.youtube.com/@AngieVelasco,advanced
https://www.youtube.com/@bridominguez/videos,advanced
https://www.youtube.com/@MariiMolly,advanced
https://www.youtube.com/@KiunBspanish,advanced
https://www.youtube.com/@manuelcasaubon,advanced
https://www.youtube.com/@pijayquinqui/featured,advanced
https://www.youtube.com/@NadieSabeNada,advanced
https://www.youtube.com/@unacasademonte,advanced
https://www.youtube.com/@losdelondres,advanced
https://www.youtube.com/@Chica.Vainilla,advanced
https://www.youtube.com/@ekaterinadeRusia,advanced
https://www.youtube.com/@GuidoRosasTV/videos,advanced
https://www.youtube.com/@AryTenorio,advanced
https://www.youtube.com/@AuronPlay,advanced
https://www.youtube.com/@Lifedervideo,advanced
https://www.youtube.com/@tengounplanpodcast,advanced
https://www.youtube.com/@todolorico,advanced
https://www.youtube.com/@almaypsicologia6654,advanced
https://www.youtube.com/@Lacuartaeslavencidaa,advanced
https://www.youtube.com/@EmocionalmenteFuertes,advanced
https://www.youtube.com/@volviendoalaesenciausa,advanced
https://www.youtube.com/@psimammoliti,advanced
https://www.youtube.com/@el.Sendero,advanced
https://www.youtube.com/@despertandodurmiendo,advanced
https://www.youtube.com/@elreyvd/videos,advanced
https://www.youtube.com/@DiegoRuzzarin,advanced
https://www.youtube.com/@Platonto,advanced
https://www.youtube.com/@AntonioEscohotadoEspinosa/videos,advanced
https://www.youtube.com/@AdrianSaenz/videos,advanced
https://www.youtube.com/@Artedeinvertir,advanced
https://www.youtube.com/@juanrallo,advanced
https://www.youtube.com/@VisualEconomik,advanced
https://www.youtube.com/@DEMENTESMedia,advanced
https://www.youtube.com/@ChismeCorporativoPodcast,advanced
https://www.youtube.com/@emprendeduros,advanced
https://www.youtube.com/@DoctorMauInforma,advanced
https://www.youtube.com/@BorjaBandera,advanced
https://www.youtube.com/@DRLAROSA,advanced
https://www.youtube.com/@dr.williamguerrero/videos,advanced
https://www.youtube.com/@MariaSquatFit,advanced
https://www.youtube.com/@thesaiyankiwi,advanced
https://www.youtube.com/@Fiteligente,advanced
https://www.youtube.com/@JeremyEthierEnEspanol,advanced
https://www.youtube.com/@kranoscalistenia,advanced
https://www.youtube.com/@ArceoFitness,advanced
https://www.youtube.com/@jessmartinm,advanced
https://www.youtube.com/@angel7real,advanced
https://www.youtube.com/@enfaf,advanced
https://www.youtube.com/@NaturalmenteSascha,advanced
https://www.youtube.com/@jc.calisthenics,advanced
https://www.youtube.com/@sawwarrior,advanced
https://www.youtube.com/@FitnessbyVivi,advanced
https://www.youtube.com/@FranMaiglerFitness,advanced
https://www.youtube.com/@alberbarbera/videos,advanced
https://www.youtube.com/@VITERIBOXING,advanced
https://www.youtube.com/@TonyJeffriesEspanol,advanced
https://www.youtube.com/@LaRutadelaGarnacha,advanced
https://www.youtube.com/@diegodoal/videos,advanced
https://www.youtube.com/@hermanostorrestv,advanced
https://www.youtube.com/@AlbertoMusitaro,advanced
https://www.youtube.com/@gearanxiety,advanced
https://www.youtube.com/@Ter,advanced
https://www.youtube.com/@PauMJust/videos,advanced
https://www.youtube.com/@miganchillocreativo/videos,advanced
https://www.youtube.com/@anasbookishlife,advanced
https://www.youtube.com/@MoonlightBooks,advanced
https://www.youtube.com/@vegetta777,advanced
https://www.youtube.com/@AylinAnarel,advanced
https://www.youtube.com/@Spreen,advanced
https://www.youtube.com/@Jota./videos,advanced
https://www.youtube.com/@Folagor03,advanced
https://www.youtube.com/@UnicornioPerro,advanced
https://www.youtube.com/@gertwo,advanced
https://www.youtube.com/@auron,advanced
https://www.youtube.com/@CadeYoutube/videos,advanced
https://www.youtube.com/@JuegaGerman,advanced
https://www.youtube.com/@IlloJuan_,advanced
https://www.youtube.com/@Kratosworld,advanced
https://www.youtube.com/@GeraruTaru,advanced
https://www.youtube.com/@AdayCanarioWTF,advanced
https://www.youtube.com/@MenosTrece,advanced
https://www.youtube.com/@RosGamerxD,advanced
https://www.youtube.com/@VicioONEMORETIME,advanced
https://www.youtube.com/@Shelao,advanced
https://www.youtube.com/@elrubius/videos,advanced
https://www.youtube.com/@IbaiLlanos,advanced
https://www.youtube.com/@paolazgames,advanced
https://www.youtube.com/@graceeninternet/videos,advanced
https://www.youtube.com/@soybel,advanced
https://www.youtube.com/@nefertos00,advanced
https://www.youtube.com/@Luich404,advanced
https://www.youtube.com/@SoyCubo,advanced
https://www.youtube.com/@Obiromo,advanced
https://www.youtube.com/@SrBaityBait,advanced
https://www.youtube.com/@Joseju/videos,advanced
https://www.youtube.com/@explorandovideojuegos8028,advanced
https://www.youtube.com/@CapaInvisible,advanced
https://www.youtube.com/@harrypottertheoryesp,advanced
https://www.youtube.com/@lasquisquillosas,advanced
https://www.youtube.com/@RicardoAlcaraz,advanced
https://www.youtube.com/@ElFedeWolf,advanced
https://www.youtube.com/@FaridDieckOficial,advanced
https://www.youtube.com/@MaestroCiego,advanced
https://www.youtube.com/@cafeconseries,advanced
https://www.youtube.com/@elengycine,advanced
https://www.youtube.com/@rayoscatodicosjaja,advanced
https://www.youtube.com/@fueradefoco,advanced
https://www.youtube.com/@sensacineSPAIN,advanced
https://www.youtube.com/@laruinashow,advanced
https://www.youtube.com/@CasosdelaRisaReal,advanced
https://www.youtube.com/@HolaSoyGerman/videos,advanced
https://www.youtube.com/@cesaruizz,advanced
https://www.youtube.com/@backdoor,advanced
https://www.youtube.com/@ilustresignorantes,advanced
https://www.youtube.com/@SeisDeCopas,advanced
https://www.youtube.com/@nochedechicxs,advanced
https://www.youtube.com/@labasepodcast,advanced
https://www.youtube.com/@lasdamitashisteria,advanced
https://www.youtube.com/@Pelicanger/videos,advanced
https://www.youtube.com/@FcksNews,advanced
https://www.youtube.com/@AisladosElPodcast/videos,advanced
https://www.youtube.com/@EnBuenPedo/videos,advanced
https://www.youtube.com/@PaolaMinerva,advanced
https://www.youtube.com/@relatosforenses,advanced
https://www.youtube.com/@axeldea,advanced
https://www.youtube.com/@Creepyenespanol,advanced
https://www.youtube.com/@mundocreepy,advanced
https://www.youtube.com/@glennsectordelterror,advanced
https://www.youtube.com/@LaHabitacionOscuraLHO,advanced
https://www.youtube.com/@LeanGiottonini,advanced
https://www.youtube.com/@chillspanishlisteningpract100,easy
